﻿<?xml version="1.0" encoding="utf-8"?>
<publishData>
  <publishProfile publishUrl="E:\Partha\New-OrderNew\OracleConnectWebservice-Publish" deleteExistingFiles="False" ftpAnonymousLogin="False" ftpPassiveMode="True" msdeploySite="" msdeploySiteID="" msdeployRemoteSitePhysicalPath="" msdeployAllowUntrustedCertificate="False" msdeploySkipExtraFilesOnServer="True" msdeployMarkAsApp="False" profileName="Profile1" publishMethod="FileSystem" replaceMatchingFiles="True" userName="" savePWD="False" userPWD="" SelectedForPublish="True">
    <file relUrl="bin/microsoft.crm.sdk.proxy.dll" publishTime="03/25/2013 10:41:36" />
    <file relUrl="bin/Oracle.DataAccess.dll" publishTime="10/08/2013 15:25:37" />
    <file relUrl="bin/OracleConnectWebservice.dll" publishTime="12/09/2017 02:00:16" />
    <file relUrl="bin/OracleConnectWebservice.pdb" publishTime="12/09/2017 02:00:15" />
    <file relUrl="Web.config" publishTime="12/09/2017 01:55:19" />
    <file relUrl="bin/microsoft.xrm.client.dll" publishTime="03/25/2013 10:41:38" />
    <file relUrl="bin/microsoft.xrm.sdk.dll" publishTime="03/25/2013 10:41:38" />
    <file relUrl="bin/microsoft.xrm.sdk.deployment.dll" publishTime="03/25/2013 10:41:38" />
    <file relUrl="OracleConnect.asmx" publishTime="06/26/2013 19:04:24" />
  </publishProfile>
</publishData>