﻿<?xml version="1.0" encoding="utf-8"?>
<publishData>
  <publishProfile publishUrl="C:\Users\Administrator.CRM2011\Desktop\CRMConnect" deleteExistingFiles="True" ftpAnonymousLogin="False" ftpPassiveMode="True" msdeploySite="" msdeploySiteID="" msdeployRemoteSitePhysicalPath="" msdeployAllowUntrustedCertificate="False" msdeploySkipExtraFilesOnServer="True" msdeployMarkAsApp="False" profileName="Profile1" publishMethod="FileSystem" replaceMatchingFiles="False" userName="" savePWD="False" userPWD="" SelectedForPublish="True">
    <file relUrl="bin/microsoft.crm.sdk.proxy.dll" publishTime="03/01/2011 11:16:56" />
    <file relUrl="UpdatePaymentAdvice.aspx" publishTime="10/26/2012 01:40:01" />
    <file relUrl="bin/CRMConnectService.dll" publishTime="12/22/2012 12:31:07" />
    <file relUrl="Web.config" publishTime="12/22/2012 12:32:12" />
    <file relUrl="UpdateOrder.aspx" publishTime="10/26/2012 01:39:28" />
    <file relUrl="bin/microsoft.xrm.sdk.dll" publishTime="03/01/2011 11:16:56" />
    <file relUrl="SendSMS.aspx" publishTime="10/26/2012 01:38:49" />
    <file relUrl="bin/CRMConnectService.pdb" publishTime="12/22/2012 12:31:07" />
  </publishProfile>
</publishData>