﻿<?xml version="1.0" encoding="utf-8"?>
<publishData>
  <publishProfile publishUrl="C:\TokenFunctionality\SMSTokenService" deleteExistingFiles="False" ftpAnonymousLogin="False" ftpPassiveMode="True" msdeploySite="" msdeploySiteID="" msdeployRemoteSitePhysicalPath="" msdeployAllowUntrustedCertificate="False" msdeploySkipExtraFilesOnServer="True" msdeployMarkAsApp="False" profileName="Profile1" publishMethod="FileSystem" replaceMatchingFiles="True" userName="" savePWD="False" userPWD="" SelectedForPublish="True">
    <file relUrl="bin/Microsoft.Crm.Sdk.Proxy.dll" publishTime="01/04/2013 11:17:34" />
    <file relUrl="Web.config" publishTime="04/08/2016 16:15:40" />
    <file relUrl="bin/BergerTokenService.dll" publishTime="04/08/2016 15:46:19" />
    <file relUrl="bin/Microsoft.Xrm.Sdk.dll" publishTime="01/04/2013 11:17:36" />
    <file relUrl="bin/BergerTokenService.pdb" publishTime="04/08/2016 15:46:19" />
    <file relUrl="Main.aspx" publishTime="03/31/2016 14:30:36" />
    <file relUrl="bin/TokenSMSService.dll" publishTime="04/08/2016 16:15:27" />
    <file relUrl="bin/Microsoft.Crm.Sdk.Proxy.xml" publishTime="12/07/2012 08:29:32" />
    <file relUrl="bin/Microsoft.Xrm.Sdk.xml" publishTime="12/07/2012 08:29:32" />
    <file relUrl="bin/TokenSMSService.pdb" publishTime="04/08/2016 16:15:27" />
  </publishProfile>
</publishData>