﻿<?xml version="1.0" encoding="utf-8"?>
<publishData>
  <publishProfile publishUrl="C:\TokenFunctionality\BergerTokenService" deleteExistingFiles="False" ftpAnonymousLogin="False" ftpPassiveMode="True" msdeploySite="" msdeploySiteID="" msdeployRemoteSitePhysicalPath="" msdeployAllowUntrustedCertificate="False" msdeploySkipExtraFilesOnServer="True" msdeployMarkAsApp="False" profileName="Profile1" publishMethod="FileSystem" replaceMatchingFiles="True" userName="" savePWD="False" userPWD="" SelectedForPublish="True">
    <file relUrl="bin/microsoft.crm.sdk.proxy.dll" publishTime="01/04/2013 11:17:34" />
    <file relUrl="bin/Microsoft.Xrm.Client.dll" publishTime="04/28/2014 17:51:32" />
    <file relUrl="bin/Microsoft.Xrm.Client.xml" publishTime="04/28/2014 17:51:32" />
    <file relUrl="Web.config" publishTime="04/11/2016 11:27:00" />
    <file relUrl="bin/BergerTokenService.dll" publishTime="04/20/2016 22:11:42" />
    <file relUrl="bin/microsoft.crm.sdk.proxy.xml" publishTime="12/07/2012 08:29:32" />
    <file relUrl="bin/BergerTokenService.pdb" publishTime="04/20/2016 22:11:42" />
    <file relUrl="bin/microsoft.xrm.sdk.xml" publishTime="12/07/2012 08:29:32" />
    <file relUrl="bin/Microsoft.Xrm.Sdk.Deployment.xml" publishTime="04/28/2014 17:51:32" />
    <file relUrl="bin/Microsoft.Xrm.Sdk.Deployment.dll" publishTime="08/19/2014 01:45:02" />
    <file relUrl="bin/microsoft.xrm.sdk.dll" publishTime="01/04/2013 11:17:36" />
    <file relUrl="BergerTokenService.svc" publishTime="03/25/2016 00:20:04" />
  </publishProfile>
</publishData>