﻿<?xml version="1.0" encoding="utf-8"?>
<publishData>
  <publishProfile publishUrl="E:\Partha\MobileInt_LatestCode_20thJuly\publish27072016" deleteExistingFiles="True" ftpAnonymousLogin="True" ftpPassiveMode="False" msdeploySite="D:\CRMAPPS\WebServices" msdeploySiteID="" msdeployRemoteSitePhysicalPath="" msdeployAllowUntrustedCertificate="False" msdeploySkipExtraFilesOnServer="True" msdeployMarkAsApp="True" profileName="Profile1" publishMethod="FileSystem" replaceMatchingFiles="False" userName="berger\amsdev" savePWD="False" userPWD="" SelectedForPublish="True">
    <file relUrl="bin/microsoft.crm.sdk.proxy.dll" publishTime="09/05/2012 17:12:23" />
    <file relUrl="bin/Microsoft.Xrm.Client.CodeGeneration.dll" publishTime="07/08/2013 17:02:56" />
    <file relUrl="Web.config" publishTime="07/27/2016 17:12:47" />
    <file relUrl="AccessCRM.svc" publishTime="09/01/2015 12:39:25" />
    <file relUrl="bin/Mobile_IntService.pdb" publishTime="07/27/2016 17:10:41" />
    <file relUrl="bin/Microsoft.Xrm.Client.dll" publishTime="07/08/2013 17:02:56" />
    <file relUrl="bin/microsoft.xrm.sdk.dll" publishTime="09/05/2012 17:12:23" />
    <file relUrl="bin/Mobile_IntService.dll" publishTime="07/27/2016 17:10:41" />
  </publishProfile>
</publishData>