﻿<?xml version="1.0" encoding="utf-8"?>
<publishData>
  <publishProfile publishUrl="E:\Partha\PublishDisconnectedWCFService" deleteExistingFiles="True" ftpAnonymousLogin="True" ftpPassiveMode="False" msdeploySite="D:\CRMAPPS\WebServices" msdeploySiteID="" msdeployRemoteSitePhysicalPath="" msdeployAllowUntrustedCertificate="False" msdeploySkipExtraFilesOnServer="True" msdeployMarkAsApp="True" profileName="Profile1" publishMethod="FileSystem" replaceMatchingFiles="False" userName="berger\amsdev" savePWD="False" userPWD="" SelectedForPublish="True">
    <file relUrl="crm_logo.ico" publishTime="02/05/2015 15:19:14" />
    <file relUrl="ExcelIcon.png" publishTime="05/04/2016 15:35:36" />
    <file relUrl="bin/microsoft.xrm.sdk.dll" publishTime="09/05/2012 17:12:23" />
    <file relUrl="bin/Newtonsoft.Json.pdb" publishTime="03/14/2016 21:29:42" />
    <file relUrl="PdfIcon.jpg" publishTime="05/04/2016 15:30:14" />
    <file relUrl="bin/Newtonsoft.Json.xml" publishTime="03/14/2016 21:29:42" />
    <file relUrl="bin/WCF_BD_Apps.dll" publishTime="12/19/2016 12:13:53" />
    <file relUrl="Web.config" publishTime="12/19/2016 12:13:59" />
    <file relUrl="bin/Microsoft.Xrm.Client.CodeGeneration.dll" publishTime="07/08/2013 17:02:56" />
    <file relUrl="bin/Newtonsoft.Json.dll" publishTime="03/14/2016 21:29:42" />
    <file relUrl="WCF_BD_Apps.svc" publishTime="04/18/2016 11:24:53" />
    <file relUrl="bin/WCF_BD_Apps.pdb" publishTime="12/19/2016 12:13:53" />
    <file relUrl="bin/Microsoft.Xrm.Client.dll" publishTime="07/08/2013 17:02:56" />
    <file relUrl="bin/microsoft.crm.sdk.proxy.dll" publishTime="09/05/2012 17:12:23" />
  </publishProfile>
</publishData>